iter	Logloss	AUC	Accuracy
0	0.6846789591	0.7140328884	0.6458222962
1	0.6770110255	0.7223888636	0.649029365
2	0.6699721333	0.7275718153	0.6556705517
3	0.6637024882	0.7277200818	0.6551455006
4	0.6579038666	0.7279156446	0.6554056611
5	0.6527028749	0.7359457314	0.6593742905
6	0.6478503652	0.7424532771	0.6687069553
7	0.6433204692	0.7443712652	0.6699651858
8	0.6390369865	0.7458918095	0.6713274805
9	0.6351731604	0.7477374971	0.6728316809
10	0.6315584084	0.7507455349	0.6738108302
11	0.628139368	0.7524642348	0.6746196927
12	0.6250470802	0.755994767	0.67778892
13	0.6221500605	0.757265836	0.6811710058
14	0.6192699292	0.7604707181	0.6835786725
15	0.6166910148	0.7615821064	0.684188867
16	0.6142485369	0.7635247707	0.6860762128
17	0.6119657029	0.7661627829	0.6882047983
18	0.6095818719	0.7676504552	0.6895197911
19	0.6073507374	0.7686559856	0.6901583668
20	0.605213911	0.7691076398	0.6896758874
21	0.6032743853	0.770960331	0.6915632332
22	0.6013645342	0.7727713883	0.6929444486
23	0.5995422285	0.7737009823	0.6937485809
24	0.5977029976	0.7750089169	0.6947182699
25	0.5959666114	0.7764042318	0.6961704382
26	0.5943992925	0.7777314186	0.6976226065
27	0.5928314562	0.7789869308	0.6985260728
28	0.5913484678	0.7804152369	0.6999167487
29	0.5897839944	0.7813662589	0.7004701809
30	0.5883639027	0.7824231386	0.7014114887
31	0.5869100344	0.7836445272	0.7027454023
32	0.5855872073	0.7849954069	0.7039279497
33	0.5841841147	0.7859653234	0.7047651934
34	0.5828581463	0.7869075835	0.7054558011
35	0.581655126	0.787622571	0.705578786
36	0.5804175531	0.7881470323	0.7061842504
37	0.579281051	0.7891926467	0.707021494
38	0.5780910387	0.7898442447	0.7074661318
39	0.5769728662	0.7905523181	0.7080337546
40	0.5758709536	0.7913773954	0.7091500795
41	0.5748640514	0.7920603156	0.7094670022
42	0.5738509038	0.792950213	0.7100630061
43	0.5728085621	0.7940194011	0.7110279649
44	0.5718266042	0.7946832478	0.7114347612
45	0.5708692951	0.7953005135	0.7119456217
46	0.569863908	0.7958619297	0.7126173087
47	0.5689560072	0.7961000204	0.7128821993
48	0.568107825	0.7970225215	0.7133883297
49	0.5672362505	0.7977856696	0.7139417619
50	0.5663456444	0.7984156907	0.714443162
51	0.5655385558	0.799075067	0.7149918641
52	0.5647306911	0.7996579707	0.7157155831
53	0.5639441122	0.8003670871	0.7164534928
54	0.5630836981	0.8009568155	0.7169785439
55	0.5623358476	0.8012821376	0.7170211156
56	0.5615636441	0.8016212285	0.7174988648
57	0.5608499028	0.8021730185	0.7179955347
58	0.5601820221	0.802626878	0.7185205858
59	0.5595200912	0.80296278	0.7188706198
60	0.5588288183	0.8033373952	0.719074018
61	0.5581496665	0.8037517965	0.7193956709
62	0.5575384003	0.8040665984	0.7196700219
63	0.5568437275	0.8046337366	0.7199159918
64	0.5562477606	0.8049910665	0.7203700901
65	0.5555388603	0.8055365682	0.7207579656
66	0.5548236038	0.8058320284	0.7208620298
67	0.5542149245	0.80623281	0.7211789525
68	0.5536377674	0.8067581058	0.7219452433
69	0.5529814905	0.807204932	0.7221486415
70	0.5524464247	0.8075226843	0.7225459774
71	0.5518702284	0.8080556393	0.7229527738
72	0.5511994653	0.8085261583	0.7234163324
73	0.5506721969	0.8089269102	0.7238657004
74	0.550140494	0.8093485832	0.7241353213
75	0.5495497746	0.8096313477	0.7244569742
76	0.5490590174	0.8099323511	0.7246083403
77	0.5484835233	0.8102357388	0.7247407856
78	0.5479769125	0.8106301725	0.7253651707
79	0.5475082172	0.8109950125	0.7255023462
80	0.5470340526	0.811462611	0.7259422538
81	0.5464689797	0.8118581474	0.7263868917
82	0.5459805876	0.8121623099	0.7264578445
83	0.5455211309	0.8125499189	0.7268126088
84	0.5450413493	0.812892735	0.7271721032
85	0.5445679238	0.8130930066	0.7273045486
86	0.5441046238	0.8132790923	0.7275599788
87	0.5436544797	0.8137246966	0.7281181412
88	0.5432218521	0.8139108121	0.7283688413
89	0.5428449151	0.8142015338	0.7287377961
90	0.542412694	0.8144745827	0.7288891622
91	0.541994257	0.8148025274	0.7292723076
92	0.5416078226	0.8150388896	0.7294236737
93	0.5411879443	0.8153470755	0.7298020889
94	0.540826713	0.8157276809	0.7300811701
95	0.5403718388	0.8160353601	0.7303555211
96	0.5399313768	0.8162684739	0.7304879664
97	0.5395625328	0.8165244758	0.7307670476
98	0.53920581	0.8167720437	0.730875842
99	0.5387925835	0.8170785308	0.7313157496
100	0.5384324239	0.8173220754	0.7314103534
101	0.5380534544	0.8176118731	0.7316515931
102	0.5376486167	0.8178737462	0.7318644517
103	0.5372016507	0.8181247413	0.7321435329
104	0.5368648833	0.8184416592	0.7324888368
105	0.5365108212	0.8187386394	0.7329003633
106	0.536183699	0.81902197	0.7331747143
107	0.5358027339	0.81921193	0.733217286
108	0.5354675926	0.8193835914	0.7334679861
109	0.535103368	0.8197288513	0.7338132899
110	0.5347670071	0.8198451102	0.7340592598
111	0.5344261747	0.8200354576	0.7339031636
112	0.5340836794	0.8202456534	0.7343004995
113	0.5337563725	0.8204934001	0.7345843109
114	0.5334292503	0.8207155764	0.7347025657
115	0.5331096298	0.8209646642	0.7348681223
116	0.5327924854	0.8211628497	0.7348917733
117	0.5325039808	0.8213962018	0.7351424733
118	0.5322062005	0.8216684759	0.735407364
119	0.5319018423	0.8218952119	0.7358141603
120	0.5316218742	0.8221535385	0.7359939075
121	0.5313036211	0.8223591447	0.7361831151
122	0.5310201054	0.8224887252	0.7362635283
123	0.5307091323	0.8226948678	0.7363108302
124	0.5304332292	0.8228393495	0.7365426096
125	0.5301472745	0.8230477571	0.7365615303
126	0.5299010089	0.8233251274	0.7368264209
127	0.5296134282	0.823520273	0.7371811852
128	0.5293084787	0.8236912191	0.7373656626
129	0.529012768	0.823843509	0.7373420117
130	0.5287425928	0.8240713179	0.7377771891
131	0.5284880495	0.8242647946	0.7380042383
132	0.528230365	0.8244139552	0.738098842
133	0.5279606702	0.8245488703	0.738122493
134	0.5277091572	0.8247327209	0.7384110346
135	0.5274230176	0.8249085844	0.7386333535
136	0.5272004031	0.8251207769	0.7389550064
137	0.5269466358	0.8252588511	0.7389266253
138	0.5266952336	0.8253756464	0.7389739272
139	0.5264004097	0.8255098462	0.738893514
140	0.5261329322	0.8257133961	0.7392151669
141	0.525852262	0.8259508014	0.7394753273
142	0.5256230325	0.8261322379	0.739640884
143	0.525408548	0.8263340592	0.739839552
144	0.5251705603	0.8265289366	0.739815901
145	0.5249105846	0.8266742229	0.7399578067
146	0.5246649843	0.8268172443	0.7402463483
147	0.5243593327	0.8270808458	0.740563271
148	0.5241380855	0.8272136152	0.7407051767
149	0.5238791445	0.8273874521	0.740686256
150	0.5236618884	0.8275707662	0.7410268296
151	0.523447293	0.8277424276	0.7411025127
152	0.523214442	0.8279388249	0.7412633391
153	0.5230185456	0.8281229734	0.7414856581
154	0.5227907574	0.8283036053	0.7418309619
155	0.5225821486	0.8283862174	0.7418167714
156	0.5223249076	0.8286093473	0.7420627412
157	0.5221278287	0.8287083805	0.7422141073
158	0.5219117181	0.8288337588	0.7422188375
159	0.5217092068	0.8290175498	0.7424979187
160	0.5215190015	0.8291942775	0.742729698
161	0.5212869265	0.829313159	0.7427628094
162	0.5210622055	0.8294521868	0.7428810641
163	0.5208565531	0.8295276165	0.7429567471
164	0.520639334	0.8296813965	0.7430797321
165	0.5204107697	0.8298281431	0.7431979868
166	0.5201808012	0.8298953772	0.7433824642
167	0.5199703447	0.8300145566	0.7434061152
168	0.5197813218	0.8301672041	0.7433446227
169	0.5195964379	0.8303107917	0.7435338303
170	0.5194081542	0.8304228783	0.7435574813
171	0.5191855766	0.8305922449	0.7439122455
172	0.5189781873	0.8307680786	0.7439926587
173	0.5187815518	0.8308741748	0.744248089
174	0.5185658478	0.8309672177	0.7444704079
175	0.5183820356	0.8311115205	0.7445839325
176	0.5182201005	0.8312315345	0.7446927269
177	0.5180406119	0.8313161135	0.744697457
178	0.5178652254	0.8314333558	0.7447021872
179	0.5176603121	0.8315406144	0.7447447589
180	0.5174579486	0.8316305876	0.7448299024
181	0.5172813795	0.8317794204	0.7449623477
182	0.517097789	0.831835866	0.7449386967
183	0.5169226241	0.8319674432	0.7448772043
184	0.5167650866	0.8320878148	0.7452225081
185	0.5165899218	0.8321968913	0.7453549535
186	0.5164170112	0.8323309422	0.7453786044
187	0.5162194149	0.8324300647	0.7455394309
188	0.5160016783	0.83256495	0.7455394309
189	0.5158128403	0.8327117264	0.7457144479
190	0.5156394123	0.8327735662	0.74576648
191	0.5154597759	0.8329022527	0.7459131159
192	0.5152825047	0.8330028653	0.7459225763
193	0.515118574	0.8331098855	0.7461685461
194	0.5149607039	0.8332304657	0.746239499
195	0.5147960712	0.8333411515	0.746338833
196	0.5146215345	0.8334792852	0.746490199
197	0.5144410113	0.8335583508	0.7466321047
198	0.5142675094	0.8336919248	0.7467314387
199	0.514093601	0.8337819874	0.746911186
200	0.5139420132	0.8338894546	0.7468969954
201	0.513728083	0.8339976072	0.7470341709
202	0.5135552463	0.8340920806	0.7471666162
203	0.513411345	0.8341729939	0.7472281087
204	0.5131742442	0.8342719376	0.7474267767
205	0.5130233586	0.8343663812	0.747459888
206	0.5128677797	0.8344539106	0.7475166503
207	0.512706325	0.8345670402	0.7477673503
208	0.5125734732	0.8346796334	0.7478241126
209	0.5124338956	0.8347802162	0.7478714145
210	0.5122910291	0.8348540366	0.747909256
211	0.5121313852	0.8349529505	0.7480890033
212	0.5120021549	0.8350457847	0.7482924014
213	0.5118548908	0.8351513147	0.7483207826
214	0.5117063333	0.8352137208	0.7482025278
215	0.5115650188	0.8353105187	0.7484153864
216	0.511412655	0.8353997767	0.7486424355
217	0.51123106	0.8354811668	0.7485856732
218	0.5110897826	0.8355823159	0.7487133883
219	0.5109345362	0.8357021809	0.7487181185
220	0.5107772944	0.8358025551	0.7488221827
221	0.5106340953	0.8359106183	0.7488694846
222	0.5104745622	0.8360216022	0.7489262469
223	0.5103105577	0.836140275	0.7490303111
224	0.51016455	0.8362450004	0.7491958677
225	0.5100401608	0.8363141418	0.7491674866
226	0.5099046852	0.8364188075	0.7493235828
227	0.5097349527	0.8364833891	0.7493188526
228	0.5095962251	0.836589247	0.7493850753
229	0.5094529521	0.8367113471	0.7494985999
230	0.509260862	0.8368398249	0.749626315
231	0.5091383944	0.8368967772	0.7497398396
232	0.5090030666	0.8369994164	0.749900666
233	0.5088722104	0.8371067643	0.7500520321
234	0.5087474147	0.8371811211	0.7501277151
235	0.5086134912	0.8372645974	0.7501844774
236	0.5084681487	0.8373559713	0.7502932718
237	0.5083144545	0.8374690413	0.7506007341
238	0.5081670795	0.8375582099	0.750572353
239	0.5080345972	0.8376697004	0.7507047983
240	0.507895537	0.8377768993	0.7508514342
241	0.5077683392	0.8378762901	0.7509696889
242	0.5076176383	0.837990582	0.7510028003
243	0.5074895167	0.8380779624	0.751045372
244	0.507329725	0.8381516635	0.7511920079
245	0.5071984992	0.8382612467	0.7513386438
246	0.5070743317	0.8383654952	0.7514379777
247	0.5069597354	0.8384717405	0.7516129948
248	0.5068232251	0.8385480642	0.7516319155
249	0.5066587032	0.8386644721	0.7518116628
250	0.5065364573	0.8387612104	0.7519488383
251	0.5063749657	0.8388528824	0.7520103307
252	0.5062190173	0.8389332891	0.7520103307
253	0.5060983235	0.8389803469	0.75199141
254	0.5059738234	0.839050591	0.7520056005
255	0.5057850593	0.8391820788	0.7521948081
256	0.5056578615	0.8392443657	0.75224211
257	0.5054960742	0.8393240571	0.7525022705
258	0.5053637028	0.8394105434	0.7527340498
259	0.5052340661	0.8394847214	0.7526962083
260	0.505100623	0.8395687938	0.7527908121
261	0.5049390574	0.8396570683	0.7527955423
262	0.5048025101	0.8397357464	0.7528523045
263	0.5046981873	0.8398115635	0.7528475744
264	0.5045877299	0.8399068713	0.7529800197
265	0.5044861787	0.8399828076	0.753088814
266	0.504364635	0.8400579691	0.7531219254
267	0.5042554711	0.8401535451	0.7531976084
268	0.5041466397	0.8402421474	0.7533158632
269	0.5040121989	0.8403365314	0.7536280557
270	0.5038881053	0.8404053152	0.7536753576
271	0.5037501537	0.8404821455	0.7537794218
272	0.5036557717	0.840552479	0.7538078029
273	0.5035461643	0.8406221271	0.7539213275
274	0.5034497867	0.8406940699	0.754058503
275	0.5033142002	0.8407697678	0.7540821539
276	0.50318327	0.8408623338	0.7542382502
277	0.5030642023	0.8409214914	0.7542524408
278	0.5029438781	0.8409864902	0.7543801559
279	0.502852785	0.841058284	0.7544794899
280	0.5027343085	0.84115237	0.7546450465
281	0.5026350854	0.8412109315	0.75473019
282	0.5025151307	0.8412920535	0.7547254598
283	0.5024078515	0.8413733542	0.7548437145
284	0.5023091457	0.8414413631	0.7549146674
285	0.5022155397	0.8415086567	0.7551842882
286	0.5020934047	0.8415575325	0.7550565731
287	0.5019813953	0.8416046798	0.7551369863
288	0.5018735617	0.8416591883	0.7552315901
289	0.5017693128	0.841725558	0.7552268599
290	0.5016718635	0.8417749107	0.7553734958
291	0.5015500611	0.8418577015	0.7554633694
292	0.501397845	0.8419469297	0.7553876864
293	0.5013081562	0.8420166075	0.7555201317
294	0.5012107808	0.8421057165	0.7556147355
295	0.5010699098	0.8421783745	0.7557046091
296	0.5009474792	0.8422348201	0.7556809581
297	0.5008473692	0.8422904015	0.7557140695
298	0.5007360619	0.842379719	0.7558890865
299	0.5006322934	0.8424336612	0.7560593733
300	0.5005366548	0.8424739838	0.7560972149
301	0.5004191761	0.8425242603	0.7562154696
302	0.5003057624	0.8426148593	0.7563100734
303	0.5001973746	0.842689842	0.756423598
304	0.500087915	0.8427624702	0.7564188678
305	0.4999585	0.8428645432	0.7564283282
306	0.499870511	0.8429361284	0.7564661697
307	0.4997643405	0.8429827988	0.7566128056
308	0.4996543266	0.8430567086	0.7566790282
309	0.4995330785	0.8431200683	0.7567310603
310	0.499420293	0.8431918323	0.7567830924
311	0.4992963473	0.843262583	0.7568587754
312	0.4991821945	0.8433352411	0.7569675698
313	0.4990595052	0.8434301913	0.7570006811
314	0.4989566975	0.8434924185	0.757071634
315	0.4988548506	0.8435607851	0.7571520472
316	0.4987509712	0.8436278999	0.7572277303
317	0.498629797	0.8437128365	0.7573790963
318	0.4985443579	0.8437688947	0.7574122077
319	0.4984470934	0.8438488245	0.7573649058
320	0.4983566655	0.8439171612	0.7575730341
321	0.49826184	0.8439994752	0.7575872247
322	0.4981606213	0.8440610766	0.7576392568
323	0.4980577397	0.844106406	0.7575635738
324	0.4978928851	0.8441971838	0.7576723681
325	0.4977984661	0.8442697227	0.7576581776
326	0.4977027167	0.8443490565	0.75771967
327	0.4976018676	0.8444136083	0.7577717021
328	0.4975055639	0.8444904387	0.7580555135
329	0.4973932588	0.8445698321	0.7581122758
330	0.4973048264	0.8446035981	0.7581737683
331	0.4972174288	0.8446619213	0.7582541815
332	0.4971186122	0.8447332978	0.7583345947
333	0.4970081179	0.8447904885	0.7583109438
334	0.4969156205	0.8448503017	0.7583298645
335	0.4968073065	0.8449221253	0.7584812306
336	0.4967099681	0.8449869454	0.7584481193
337	0.496586318	0.845069021	0.7586089457
338	0.4964819582	0.8451513946	0.7587934231
339	0.4963906803	0.8452106416	0.7587319307
340	0.4962991068	0.8452858627	0.7588123439
341	0.4961887973	0.8453343213	0.7587934231
342	0.4961007344	0.8454078734	0.7590677742
343	0.4960043938	0.8454795778	0.7591150761
344	0.4959101965	0.8455508649	0.7591812987
345	0.4958276029	0.8455915153	0.7592948233
346	0.4957425334	0.845665127	0.7592900931
347	0.4956458971	0.8457221091	0.7592995535
348	0.4955601994	0.8457863927	0.7594651101
349	0.4954841098	0.8458274603	0.7592569818
350	0.4953998533	0.8458779156	0.759313744
351	0.4953096471	0.8459349573	0.7594178082
352	0.4952229516	0.8460069001	0.7595502535
353	0.4951359974	0.8460790813	0.7596732385
354	0.49505976	0.8461437523	0.759687429
355	0.494963715	0.8462069035	0.7597300008
356	0.4948551793	0.8462988734	0.7599002876
357	0.494751263	0.8463436663	0.7599712404
358	0.4946336734	0.8464302421	0.7599523197
359	0.4945581382	0.8464914858	0.7599333989
360	0.4944822334	0.8465449214	0.7599996216
361	0.4943926924	0.8465833962	0.7600043518
362	0.4942999363	0.8466532528	0.7602172103
363	0.4942028935	0.8467102945	0.7602124801
364	0.4941338993	0.8467613757	0.7602172103
365	0.494045356	0.8468228281	0.7602645122
366	0.4939527478	0.8469134867	0.7604253387
367	0.4938572571	0.8469751179	0.760382767
368	0.4937629858	0.8470394909	0.760482101
369	0.4936716341	0.8471126854	0.7606145463
370	0.4935675329	0.8472063243	0.7607848331
371	0.4934492412	0.8472957313	0.760732801
372	0.4933544896	0.8473790884	0.7607990237
373	0.4932822803	0.8474393487	0.7609740407
374	0.4932099971	0.8474860191	0.761007152
375	0.493107485	0.8475344181	0.7610449936
376	0.4930060076	0.8475796282	0.7610118822
377	0.4929173166	0.8476391435	0.7610922955
378	0.492840451	0.8476952612	0.7611632483
379	0.492740341	0.8477624059	0.7612436615
380	0.4926418939	0.8478316963	0.7613004238
381	0.492553018	0.8478906453	0.7613004238
382	0.4924625532	0.8479369879	0.7613429955
383	0.4923541653	0.8479881585	0.7614565201
384	0.492270574	0.8480401635	0.761480171
385	0.4921980321	0.8480951786	0.7615511239
386	0.4921276705	0.8481361568	0.7615889654
387	0.4920574567	0.8481731117	0.7616315371
388	0.4919911232	0.8482218087	0.7617119504
389	0.4918965564	0.8482672572	0.7617876334
390	0.491803246	0.8483261466	0.7617923636
391	0.4917181026	0.8483710885	0.7618727768
392	0.491627379	0.8484399021	0.7619437297
393	0.4915380227	0.848495096	0.7620667146
394	0.4914459688	0.8485419154	0.7620714448
395	0.4913673294	0.8485949337	0.7620998259
396	0.4912518463	0.8486742973	0.7620194127
397	0.4911808564	0.8487164378	0.7620004919
398	0.4910999998	0.8487852514	0.7622180807
399	0.4910266818	0.8488387465	0.7621660486
400	0.490941834	0.8489118516	0.7621234769
401	0.4908759809	0.8489597142	0.7622322712
402	0.4907824119	0.8490190506	0.762251192
403	0.490684593	0.849065721	0.7623741769
404	0.4906155248	0.8491191268	0.7625823053
405	0.4905537737	0.8491663635	0.7626154166
406	0.4904895096	0.8492026329	0.762724211
407	0.4904148613	0.8492287397	0.7627336714
408	0.4903404717	0.8492945135	0.762724211
409	0.4902541088	0.8493604362	0.7627289412
410	0.490176578	0.8494139016	0.7627857035
411	0.4900940583	0.8494535089	0.7628140846
412	0.4900107627	0.8495149314	0.7629417997
413	0.489913572	0.8495814204	0.7629796413
414	0.4898416214	0.8496387303	0.7629938318
415	0.4897323097	0.8497085273	0.7631404677
416	0.4896511204	0.8497505188	0.7632256111
417	0.4895633532	0.8498061299	0.7631546583
418	0.4894833095	0.8498594463	0.763220881
419	0.4894002356	0.8499087989	0.7632445319
420	0.4893026384	0.8499580324	0.7632823734
421	0.4892338659	0.8500017822	0.7633012942
422	0.4891535635	0.8500578105	0.7634337395
423	0.4890634313	0.8501285017	0.7633249451
424	0.4889921828	0.8501656055	0.7634526603
425	0.4888930336	0.8502525687	0.7635519942
426	0.4888190135	0.8503164947	0.7635567244
427	0.4887317636	0.850379765	0.7636087565
428	0.4886751492	0.8504132032	0.7637979641
429	0.4886052311	0.8504781425	0.7639540604
430	0.4885162444	0.8505339622	0.7639493302
431	0.4884428525	0.8505874276	0.7638641868
432	0.4883690542	0.8506330848	0.7639824415
433	0.4882924472	0.8506888747	0.7640628548
434	0.4882139557	0.8507341146	0.7641479982
435	0.4881401573	0.8507737815	0.7641527284
436	0.4880631069	0.8508266211	0.7643324756
437	0.4880037209	0.8508719802	0.7642662529
438	0.4879370548	0.8509031832	0.7642804435
439	0.4878630716	0.8509682715	0.7644554605
440	0.4877890146	0.8510150313	0.7644601907
441	0.4877205377	0.8510622382	0.7644838417
442	0.4876511739	0.8511034846	0.7645122228
443	0.4875857273	0.8511591554	0.7645879059
444	0.4875259347	0.8511944413	0.7646210172
445	0.4874457063	0.8512440324	0.764616287
446	0.487375086	0.8513039947	0.7646257474
447	0.487292862	0.8513742089	0.7647771134
448	0.4872254568	0.851429522	0.7647250814
449	0.4871503651	0.8514791429	0.7648386059
450	0.4870777492	0.8515344858	0.7649426701
451	0.4869974099	0.8515865207	0.7650136229
452	0.4869372109	0.8516325355	0.7650372739
453	0.4868697687	0.8516782522	0.7650609248
454	0.4867980768	0.8517129719	0.7650278135
455	0.4867242045	0.8517744243	0.7650703852
456	0.4866581666	0.8518198133	0.7651366079
457	0.4865821879	0.8518868387	0.7652122909
458	0.4864932751	0.8519364595	0.7652974343
459	0.4864185899	0.8519883454	0.7654204193
460	0.4863463436	0.8520445526	0.7653825778
461	0.4862726931	0.8521085382	0.7655197533
462	0.4862171873	0.8521338105	0.765462991
463	0.4861460496	0.8521919847	0.7654819118
464	0.4860796053	0.8522388935	0.7655575948
465	0.4860119414	0.8522903919	0.7655575948
466	0.4859505598	0.852339834	0.7656711194
467	0.4858934279	0.8523939252	0.7656995005
468	0.4858178927	0.8524474502	0.765661659
469	0.4857535917	0.8525035977	0.7657704533
470	0.4856912493	0.8525391221	0.7657278816
471	0.4856168596	0.8525922298	0.765737342
472	0.485532714	0.8526582718	0.7658177552
473	0.4854516356	0.8526925445	0.7658650571
474	0.4853906605	0.8527464867	0.765860327
475	0.4853038911	0.8528173566	0.7660873761
476	0.485242842	0.8528551757	0.766134678
477	0.4851699306	0.852894187	0.7661772497
478	0.4850912173	0.8529554605	0.7661630591
479	0.4849671976	0.8530429006	0.7662765837
480	0.4848979077	0.8530822396	0.7664042988
481	0.4848402585	0.8531311154	0.7665272837
482	0.4847717816	0.8531662226	0.7666124272
483	0.4847011614	0.8532172441	0.7666644592
484	0.4846242588	0.853276372	0.766607697
485	0.4845438087	0.8533154726	0.766584046
486	0.4844734101	0.8533632755	0.7667117611
487	0.4844200477	0.8534064293	0.7667117611
488	0.4843598117	0.8534577489	0.7668158253
489	0.4842886001	0.853523612	0.7669624612
490	0.4842165017	0.8535696268	0.7670144933
491	0.4841596285	0.8536174297	0.7670428744
492	0.4840895996	0.8536786437	0.7671753198
493	0.4840211596	0.8537107706	0.767255733
494	0.4839547522	0.8537492454	0.7673172255
495	0.4838760758	0.8537992239	0.7673881783
496	0.4838154333	0.8538423777	0.7674733217
497	0.48375383	0.8538876176	0.7674733217
498	0.4836544221	0.8539478183	0.7674827821
499	0.4835930774	0.8539919853	0.7675206236
500	0.4835207203	0.8540502191	0.7676483388
501	0.4834604473	0.85408777	0.7677098312
502	0.4833935595	0.8541322947	0.7677571331
503	0.483322348	0.8541888595	0.7677760539
504	0.4832413065	0.8542439342	0.767804435
505	0.4831761555	0.8543014526	0.767903769
506	0.4831210932	0.8543345332	0.7679416105
507	0.4830678046	0.8543766737	0.7678611973
508	0.4829853958	0.8544348478	0.7680078332
509	0.4829283749	0.8544822931	0.7679699917
510	0.4828665129	0.8545348048	0.7681166276
511	0.4828147764	0.854577899	0.7681071672
512	0.4827527666	0.8546282053	0.7682206917
513	0.4826773792	0.8546894789	0.7683389465
514	0.4826132999	0.8547318578	0.7684051692
515	0.4825471881	0.8547787666	0.7683862484
516	0.4824773069	0.854824245	0.7685376145
517	0.4824079062	0.8548901081	0.7685896466
518	0.4823426074	0.8549352884	0.7686038371
519	0.4822774194	0.8549715877	0.7686842504
520	0.4822198072	0.8550184965	0.7687362824
521	0.4821748334	0.855050385	0.7687930447
522	0.4821087956	0.8551094532	0.768750473
523	0.4820550636	0.855145812	0.7686700598
524	0.4820039184	0.8551710248	0.7688592674
525	0.4819524776	0.8551952243	0.7688971089
526	0.4818881765	0.8552469015	0.7689160297
527	0.4818212517	0.8552996516	0.7688687278
528	0.4817563594	0.8553358316	0.7689207599
529	0.4816956061	0.8553860188	0.7689586014
530	0.4816364048	0.8554374576	0.7689917127
531	0.4815714386	0.8554849625	0.7691383486
532	0.4815042551	0.8555302918	0.7693180958
533	0.4814377368	0.8555653691	0.7692518732
534	0.4813939825	0.8555998802	0.7693039052
535	0.4813071392	0.8556514978	0.7694316204
536	0.4812466815	0.8557027578	0.7695924468
537	0.4811819	0.8557354808	0.769620828
538	0.4811215901	0.8557885885	0.7696775903
539	0.4810662691	0.8558287919	0.7696492091
540	0.4810042592	0.8558751345	0.7696870506
541	0.4809108749	0.8559470177	0.7698526073
542	0.4808495303	0.8559914231	0.7697674639
543	0.4807772101	0.8560409546	0.7698762582
544	0.4807054073	0.8560842574	0.7698147658
545	0.4806593988	0.8561216593	0.7699046394
546	0.4806048169	0.8561677933	0.7699188299
547	0.4805525631	0.8562085629	0.7699661318
548	0.4805065176	0.8562397361	0.7698999092
549	0.4804386689	0.8562850356	0.7698857186
550	0.4803763265	0.8563174605	0.7700228941
551	0.4803162753	0.8563649654	0.7700749262
552	0.4802613607	0.8564020395	0.7701222281
553	0.4801855668	0.8564539552	0.7702735942
554	0.4801274372	0.8564965725	0.7702546734
555	0.4800476892	0.8565427065	0.7702735942
556	0.4799856054	0.856577754	0.7702735942
557	0.4799249999	0.8566431999	0.7703350867
558	0.4798731895	0.8566817045	0.7703634678
559	0.4798031975	0.8567348719	0.7703823886
560	0.4797462504	0.8567740321	0.7703350867
561	0.4796833906	0.856821835	0.7703871187
562	0.4796214178	0.8568725586	0.7703871187
563	0.4795289943	0.8569412827	0.7704296905
564	0.4794606283	0.8569872379	0.7706236282
565	0.4793945534	0.8570328653	0.7706898509
566	0.4793368303	0.8570716977	0.7707608038
567	0.4792829505	0.8571248055	0.7708317566
568	0.4792174669	0.8571689725	0.770841217
569	0.4791687608	0.8572075367	0.7709783925
570	0.4791025011	0.8572527766	0.7710256944
571	0.4790408609	0.8572964668	0.7710115038
572	0.4789733448	0.8573487401	0.7710635359
573	0.4789159543	0.8573955297	0.7711628699
574	0.4788604854	0.8574317098	0.771191251
575	0.4788169159	0.8574773669	0.7712953152
576	0.4787650317	0.8575177789	0.771314236
577	0.4787100802	0.8575413227	0.7713378869
578	0.4786470725	0.8575856686	0.7714419511
579	0.4785933405	0.8576031327	0.7713993794
580	0.4785189879	0.8576467633	0.7714656021
581	0.4784416049	0.8576946259	0.7714939832
582	0.4783835862	0.8577295542	0.7715034436
583	0.4783265283	0.8577637672	0.7715554757
584	0.4782731289	0.8578131795	0.7715791266
585	0.4781945264	0.8578743339	0.7716406191
586	0.4781350664	0.8579204082	0.7717021116
587	0.4780732414	0.8579747677	0.771763604
588	0.4780266786	0.8580008745	0.7718156361
589	0.4779759029	0.8580363989	0.7718771286
590	0.4779227992	0.8580831885	0.7720001135
591	0.4778452314	0.8581527472	0.7720190343
592	0.4777913886	0.8581930995	0.7720001135
593	0.4777074647	0.8582470417	0.7720284947
594	0.4776273101	0.8583109975	0.7721089079
595	0.4775632678	0.8583464026	0.7721940513
596	0.4775051382	0.8583945036	0.7723454174
597	0.4774435348	0.8584368229	0.7723454174
598	0.4773746884	0.8584810495	0.7724211004
599	0.4773110156	0.8585219383	0.7723501476
600	0.4772566554	0.8585694432	0.7723406872
601	0.4772003735	0.8585947156	0.7723974495
602	0.4771321183	0.8586307764	0.7725157042
603	0.4770882902	0.8586719632	0.7725630061
604	0.4770345582	0.858713448	0.7725157042
605	0.4769822305	0.8587415218	0.7725913873
606	0.4769211814	0.8587896824	0.7726576099
607	0.4768741382	0.8588212132	0.7726528797
608	0.4768271689	0.8588633537	0.7726623401
609	0.476770924	0.858908534	0.7726907213
610	0.4767125357	0.8589480519	0.7727664043
611	0.4766583233	0.8589863181	0.7728042458
612	0.4766102823	0.8590194583	0.7728657383
613	0.4765562547	0.8590596318	0.7728941194
614	0.4764878147	0.8591166735	0.7730218346
615	0.4764471277	0.8591449261	0.7730738666
616	0.476390735	0.8591863513	0.7730975176
617	0.4763365226	0.8592287302	0.7731542799
618	0.4762738106	0.8592733145	0.7732441535
619	0.4762358952	0.8593025208	0.7732583441
620	0.4761493105	0.8593631983	0.7732914554
621	0.4760952459	0.8594029546	0.7732630742
622	0.4760230736	0.8594480753	0.7733292969
623	0.4759797997	0.8594816923	0.7733671384
624	0.4759373389	0.8595229387	0.7733907894
625	0.4758886327	0.8595570326	0.7733860592
626	0.4758288771	0.8596034646	0.7734712026
627	0.47578989	0.8596331477	0.7735137743
628	0.475736971	0.8596556485	0.7735989177
629	0.4756865279	0.8596844077	0.7736367593
630	0.4756437715	0.8597108722	0.7735658064
631	0.4755801726	0.8597486615	0.7735941875
632	0.4755254059	0.8597857356	0.7736225687
633	0.4754677197	0.8598231077	0.7737171725
634	0.4754198635	0.8598596454	0.7737029819
635	0.4753679053	0.8598901629	0.7737833951
636	0.4753111061	0.8599364758	0.7737644744
637	0.4752607	0.8599707186	0.7738496178
638	0.4751912253	0.8600224853	0.7738685386
639	0.4751248548	0.8600763083	0.7739442216
640	0.4750781442	0.8601156473	0.7740813971
641	0.4750208276	0.8601539135	0.7740813971
642	0.4749696455	0.8601994514	0.7742516839
643	0.4749201263	0.8602368832	0.7742564141
644	0.4748637705	0.8602779508	0.7742564141
645	0.4748170599	0.8603179455	0.774204382
646	0.474768132	0.8603532314	0.7742706047
647	0.474719278	0.8603933454	0.7742564141
648	0.4746603354	0.8604270816	0.7743699387
649	0.4746106684	0.8604699969	0.774426701
650	0.4745623318	0.8605061173	0.7744645425
651	0.4745065673	0.8605277538	0.7745402255
652	0.4744550156	0.8605701923	0.774526035
653	0.4744144764	0.8606020808	0.7745875274
654	0.4743617791	0.8606505394	0.7746206388
655	0.4742870569	0.8607016802	0.7745827972
656	0.4742349139	0.8607474566	0.7746490199
657	0.4741739019	0.8607863188	0.7747720048
658	0.4741171396	0.8608264327	0.7748098464
659	0.4740552776	0.8608787358	0.7748524181
660	0.4739843247	0.8609431088	0.7749139105
661	0.4739273038	0.8609691262	0.7749659426
662	0.4738643701	0.8610025644	0.7750321653
663	0.4737811853	0.8610621095	0.7751598804
664	0.4737380962	0.8610805869	0.7752639446
665	0.4736907204	0.8611111641	0.7752355635
666	0.4736464488	0.8611507416	0.775174071
667	0.4735896126	0.8611901999	0.7752213729
668	0.4735396499	0.8612267971	0.7752166427
669	0.4734932349	0.8612536192	0.7752166427
670	0.4734385421	0.8612989187	0.7753159767
671	0.4733866209	0.8613307476	0.7753396276
672	0.4733352909	0.8613716364	0.7754058503
673	0.4732849588	0.8614063859	0.7754862635
674	0.4732372504	0.8614330292	0.775472073
675	0.4731766079	0.8614647388	0.7754815333
676	0.4731337405	0.8615003228	0.775524105
677	0.4730774217	0.8615355492	0.7755619466
678	0.47301689	0.861569643	0.7755808673
679	0.4729636754	0.8616122007	0.775472073
680	0.4729140454	0.8616492152	0.775524105
681	0.472858946	0.8616720438	0.7755714069
682	0.4728186655	0.8617057204	0.7756187088
683	0.4727511864	0.8617537022	0.7756612806
684	0.4727027389	0.861792773	0.7756943919
685	0.4726604259	0.8618242741	0.7757748051
686	0.4726179281	0.8618579507	0.7757889957
687	0.4725727326	0.8618887663	0.775845758
688	0.472517855	0.8619228601	0.7758883297
689	0.4724700357	0.8619674444	0.7759261712
690	0.4724230295	0.8620044589	0.7759829335
691	0.4723736211	0.8620436788	0.7760302354
692	0.4723274648	0.8620790839	0.7760349656
693	0.4722819737	0.8621172309	0.7760160448
694	0.4722275765	0.8621553183	0.776096458
695	0.4721753966	0.8621794581	0.776096458
696	0.4721275774	0.8622151017	0.776096458
697	0.4720895141	0.862244606	0.7762430939
698	0.4720432469	0.8622839451	0.7762762053
699	0.4719877781	0.862321347	0.7762903958
700	0.4719336396	0.8623527288	0.7762998562
701	0.4718778012	0.8623872399	0.7762241732
702	0.4718354142	0.8624238968	0.7763660789
703	0.4717853407	0.8624644279	0.7763518883
704	0.4717312392	0.8624982834	0.7764228411
705	0.4716853785	0.8625253439	0.7763991902
706	0.4716303531	0.8625656962	0.7764323015
707	0.4715826817	0.8625969291	0.7764985242
708	0.4715288018	0.8626435995	0.7765316355
709	0.4714844563	0.8626735508	0.7766593506
710	0.4714260311	0.8627214432	0.7768059865
711	0.4713844202	0.8627607822	0.776843828
712	0.471329173	0.8627929091	0.7768532884
713	0.4712828689	0.8628219366	0.7767539544
714	0.4712315759	0.8628447056	0.7769147809
715	0.4711796547	0.8628872037	0.7769053205
716	0.4711319463	0.8629205227	0.7769384318
717	0.471075997	0.8629575968	0.7770235753
718	0.4710376381	0.8629870415	0.7769857337
719	0.4709883037	0.8630260229	0.7770283055
720	0.470939228	0.8630562425	0.7770519564
721	0.4708835744	0.863083303	0.7770803375
722	0.4708384528	0.8631090522	0.7770283055
723	0.4707830209	0.8631591797	0.7771323696
724	0.4707292519	0.8632004857	0.7771512904
725	0.4706747439	0.8632397056	0.777340498
726	0.4706242269	0.8632772565	0.7773925301
727	0.470567169	0.8633246422	0.7774445622
728	0.470515876	0.8633677959	0.7774918641
729	0.4704702371	0.8633955121	0.7774540226
730	0.4704206809	0.8634269238	0.7774918641
731	0.4703713835	0.8634690046	0.777515515
732	0.4703300682	0.8634958267	0.7774918641
733	0.4702767427	0.8635334373	0.7775202452
734	0.4702245998	0.8635616899	0.7775817377
735	0.4701765957	0.8635877371	0.7776290396
736	0.4701306981	0.8636222482	0.7777283736
737	0.4700879047	0.8636585474	0.7776195792
738	0.4700362791	0.8636946678	0.7777331038
739	0.4700007287	0.8637173176	0.7778324378
740	0.4699514683	0.8637491465	0.7777804057
741	0.4698902714	0.8637952805	0.7777189132
742	0.4698392001	0.863827467	0.7778087868
743	0.4697937829	0.8638477325	0.7777709453
744	0.4697524677	0.863881886	0.7778040566
745	0.4697003247	0.863907516	0.7779175812
746	0.4696324761	0.8639615178	0.7778418981
747	0.4695838438	0.8639928699	0.7778939302
748	0.4695367267	0.8640323281	0.7778655491
749	0.4695017676	0.8640541434	0.777988534
750	0.4694580503	0.8640851378	0.7779932642
751	0.4694205783	0.8641175628	0.778087868
752	0.4693709483	0.8641485572	0.7780784076
753	0.4693253463	0.864174962	0.7780736774
754	0.4692830333	0.8642021418	0.7782345039
755	0.4692321098	0.864243567	0.7783101869
756	0.4691878013	0.8642679453	0.7782770756
757	0.4691237589	0.8643202186	0.7782818058
758	0.4690616382	0.8643711209	0.7782818058
759	0.4690135972	0.864402473	0.7783811398
760	0.4689707299	0.8644361794	0.7784284417
761	0.4689218759	0.864482224	0.7784804738
762	0.4688778999	0.8645059466	0.7784379021
763	0.4688392823	0.8645275831	0.7784710134
764	0.4687930152	0.8645585775	0.7785230455
765	0.4687438655	0.864602387	0.7785183153
766	0.4687036959	0.8646410108	0.7784946643
767	0.4686672586	0.8646751046	0.7785230455
768	0.4686227653	0.8646976948	0.7785277757
769	0.468579048	0.8647258282	0.7784946643
770	0.4685255007	0.8647542596	0.7786413002
771	0.4684798249	0.8647970557	0.7786460304
772	0.4684494851	0.8648150563	0.7786696814
773	0.4684042527	0.8648539186	0.7787217135
774	0.468363307	0.8648813367	0.7788163173
775	0.468325835	0.8649092913	0.7788399682
776	0.468276131	0.8649491072	0.7789771437
777	0.4682381787	0.8649733067	0.7789771437
778	0.4681797165	0.8650167584	0.7789629532
779	0.4681218086	0.8650565743	0.7789960645
780	0.4680768348	0.8650865555	0.778958223
781	0.4680354087	0.8651143312	0.7788967305
782	0.4679924305	0.8651492	0.7788967305
783	0.4679497479	0.8651807308	0.7789534928
784	0.4678800885	0.8652226329	0.7790859381
785	0.467834893	0.8652450442	0.7790670173
786	0.4677909909	0.8652754426	0.7791048589
787	0.4677557362	0.8653081059	0.779057557
788	0.4677053302	0.8653453588	0.7791474306
789	0.4676661952	0.8653756976	0.7791568909
790	0.4676125371	0.8654162586	0.7792231136
791	0.4675724783	0.865444839	0.7793129872
792	0.4675268024	0.8654820025	0.7793224476
793	0.4674804983	0.8655196428	0.7793886702
794	0.4674260272	0.8655509949	0.7793555589
795	0.4673799448	0.8655953407	0.7795447665
796	0.4673391469	0.8656232953	0.7795967986
797	0.4672999011	0.8656592965	0.779582608
798	0.4672616162	0.8656907678	0.7796914024
799	0.4672209291	0.8657101989	0.7796157194
800	0.4671765836	0.8657386303	0.7795305759
801	0.4671194518	0.8657788634	0.7795447665
802	0.4670761779	0.8658132553	0.779582608
803	0.4670176049	0.8658598661	0.7796346401
804	0.4669777309	0.865891695	0.7796772118
805	0.4669385959	0.8659211993	0.7797339741
806	0.4669102148	0.8659492731	0.7798143873
807	0.4668705625	0.8659774065	0.7798711496
808	0.4668235193	0.866014123	0.7799089911
809	0.4667810954	0.866045475	0.7799515629
810	0.4667358999	0.8660778403	0.7800367063
811	0.4666893001	0.8661158681	0.7800130553
812	0.4666329813	0.8661569357	0.7801265799
813	0.4665934029	0.866186142	0.7800650874
814	0.4665486509	0.8662182093	0.7801975327
815	0.4665074835	0.8662567139	0.7801360403
816	0.4664746678	0.866287291	0.7801407705
817	0.466427218	0.866318047	0.7801596912
818	0.4663773663	0.8663575053	0.780178612
819	0.4663436267	0.8663915396	0.7802590252
820	0.4662985791	0.8664211631	0.7803583592
821	0.4662587789	0.8664467335	0.7804009309
822	0.4662042339	0.8664879799	0.7805428366
823	0.4661613666	0.8665159345	0.7805617574
824	0.4661137321	0.866548121	0.7805097253
825	0.4660770362	0.866576314	0.7806090593
826	0.4660389729	0.8666042686	0.7806327102
827	0.4660027944	0.8666297793	0.7807131234
828	0.4659509101	0.8666709065	0.7807982669
829	0.4659072297	0.8666959405	0.7808219178
830	0.4658764466	0.866720438	0.7808644895
831	0.4658196473	0.8667539358	0.7809070612
832	0.4657884946	0.8667713404	0.7809165216
833	0.4657435947	0.8668048382	0.7808219178
834	0.4657013187	0.8668344617	0.7807935367
835	0.4656587839	0.8668699265	0.7808313782
836	0.4656162491	0.8669009805	0.7809685537
837	0.4655712384	0.8669383526	0.7809685537
838	0.4655329165	0.8669698834	0.7810773481
839	0.465493449	0.8669910431	0.781001665
840	0.4654479948	0.8670268059	0.7810678877
841	0.4654026515	0.8670683503	0.7810773481
842	0.4653673229	0.8670961261	0.7810962688
843	0.4653276706	0.8671245575	0.7810584273
844	0.4652845446	0.8671592474	0.7811388405
845	0.4652313299	0.8671979606	0.7811719519
846	0.4651913451	0.8672270775	0.7811341103
847	0.4651559056	0.8672485352	0.7811719519
848	0.4651207617	0.8672788143	0.7812381745
849	0.4650872809	0.8673072457	0.7813043972
850	0.4650572737	0.8673319817	0.7813375085
851	0.4650177693	0.8673600554	0.78137535
852	0.4649767866	0.8673767447	0.7813895406
853	0.4649359517	0.8674096167	0.7814652236
854	0.4649018426	0.8674387336	0.7814463029
855	0.4648608969	0.8674693704	0.7814226519
856	0.4648164775	0.867507875	0.7815929388
857	0.464780262	0.8675431013	0.7816591614
858	0.464736249	0.8675711155	0.7816686218
859	0.4646951925	0.8676025271	0.7816591614
860	0.4646587922	0.8676330447	0.781673352
861	0.464611749	0.8676595688	0.7817206539
862	0.4645747204	0.8676874042	0.7817632256
863	0.4645355486	0.8677127957	0.7818530992
864	0.4644975223	0.8677406907	0.7818152577
865	0.464462748	0.8677611947	0.7818199879
866	0.46442365	0.8677914143	0.7818389087
867	0.4643844781	0.8678275347	0.7819808143
868	0.4643366219	0.8678634763	0.7819382426
869	0.4642692536	0.8679063916	0.7820186559
870	0.4642264233	0.8679414392	0.782047037
871	0.4641850341	0.8679761291	0.7820848785
872	0.464135441	0.8680153787	0.7820233861
873	0.4640772005	0.8680599928	0.782146371
874	0.4640380287	0.8680881262	0.7822125937
875	0.4640093888	0.8681129813	0.7821842125
876	0.4639720277	0.8681465387	0.7821984031
877	0.4639426119	0.868170023	0.7822835465
878	0.4639111635	0.8681961894	0.7823071975
879	0.463873322	0.8682197928	0.7822740861
880	0.4638375499	0.8682510853	0.7823355786
881	0.4637939065	0.8682895899	0.7823024673
882	0.4637600191	0.8683142066	0.782420722
883	0.463721882	0.8683462739	0.7824254522
884	0.4636716607	0.8683783114	0.7825011352
885	0.4636271304	0.8684116602	0.7826619617
886	0.4635806045	0.8684338331	0.7827281844
887	0.4635318614	0.8684767485	0.7827092636
888	0.4634964958	0.8685016036	0.7828038674
889	0.463460502	0.8685259223	0.7828038674
890	0.4634218106	0.8685548902	0.7828464391
891	0.4633708501	0.8685901761	0.7830025354
892	0.4633298305	0.8686240315	0.7829363127
893	0.4632880349	0.8686445951	0.7830403769
894	0.4632469783	0.8686732054	0.783092409
895	0.4631979395	0.8687041998	0.7830734882
896	0.4631494181	0.8687484264	0.783068758
897	0.4631117244	0.8687798977	0.7831397109
898	0.4630603575	0.8688188195	0.7831113298
899	0.4630254354	0.8688472509	0.7831397109
900	0.462990735	0.8688710928	0.7831444411
901	0.4629618735	0.8688868284	0.7831160599
902	0.4629214451	0.8689188063	0.7831633618
903	0.4628787626	0.8689463735	0.7831728222
904	0.4628354887	0.8689738512	0.783168092
905	0.4627964647	0.8690049648	0.783168092
906	0.4627461694	0.869028151	0.7832295845
907	0.4627136863	0.8690596223	0.7833099977
908	0.4626687495	0.869084239	0.7833525694
909	0.4626305385	0.8691061139	0.7833383789
910	0.4625928817	0.8691305518	0.7833336487
911	0.4625528599	0.8691611886	0.7833998713
912	0.4625100664	0.8691938519	0.7834187921
913	0.4624517521	0.8692367673	0.7833572996
914	0.462415204	0.8692590594	0.7834802846
915	0.462389927	0.8692743778	0.7834519034
916	0.4623595134	0.8692948222	0.7834140619
917	0.4623139114	0.8693369031	0.7835748884
918	0.4622740004	0.8693697453	0.7836079997
919	0.4622266615	0.8694064617	0.7836221903
920	0.4621867875	0.869438231	0.7835796186
921	0.4621495373	0.8694669008	0.7836127299
922	0.4620911859	0.869505167	0.7836694922
923	0.4620489099	0.8695412278	0.7837546356
924	0.4619997233	0.8695812821	0.7837499054
925	0.4619608101	0.8696129322	0.7839012715
926	0.4619316159	0.8696375489	0.783939113
927	0.4618969525	0.8696660995	0.7839012715
928	0.4618572633	0.8696974516	0.7839060017
929	0.4618128069	0.8697295785	0.7839343828
930	0.4617750023	0.8697599769	0.7840810187
931	0.4617403758	0.8697863221	0.7840100658
932	0.4617078927	0.8698108196	0.7840242564
933	0.4616615147	0.8698488474	0.7841093998
934	0.4616194604	0.8698790073	0.7841661621
935	0.4615655436	0.8699163198	0.7841992734
936	0.4615214567	0.8699479103	0.7841756225
937	0.461477259	0.869982481	0.784213464
938	0.461434096	0.8700080514	0.7842702263
939	0.4613911548	0.8700416684	0.784237115
940	0.4613497656	0.8700693846	0.784237115
941	0.4613139936	0.8700954318	0.7842986074
942	0.4612692785	0.8701255322	0.784312798
943	0.461233063	0.8701485991	0.7843600999
944	0.4611889392	0.8701783419	0.7843742905
945	0.4611430415	0.8702073097	0.7843695603
946	0.4610997307	0.8702306151	0.7844310528
947	0.4610522071	0.870264709	0.784511466
948	0.4610118527	0.8702989817	0.784511466
949	0.4609681723	0.870336771	0.7845303867
950	0.4609291852	0.8703665137	0.7846675622
951	0.4608811812	0.870395124	0.7846959434
952	0.4608433027	0.8704164028	0.7847527057
953	0.4607975898	0.8704571128	0.7848047378
954	0.4607634068	0.8704852462	0.7848473095
955	0.4607249001	0.8705191016	0.7848000076
956	0.4606894976	0.870549798	0.7848141981
957	0.4606543907	0.8705733418	0.7848567698
958	0.4606220924	0.8706055284	0.7849229925
959	0.4605896463	0.8706309199	0.784960834
960	0.4605487745	0.8706579804	0.7850270567
961	0.4604974815	0.8706951141	0.7851263907
962	0.4604455972	0.8707321882	0.7850507076
963	0.4604173639	0.8707575202	0.7850790888
964	0.4603793006	0.8707863092	0.785060168
965	0.4603459306	0.8708174825	0.7850648982
966	0.4603088651	0.8708418012	0.785083819
967	0.4602677716	0.8708667755	0.7850885492
968	0.4602269368	0.8708931804	0.7851878831
969	0.4601889844	0.870921433	0.7852115341
970	0.4601493321	0.8709568381	0.7852304549
971	0.4601108623	0.8709879518	0.7852966775
972	0.4600667385	0.8710283041	0.7853392492
973	0.460028084	0.8710609078	0.7854953455
974	0.4599888382	0.8710837364	0.7853818209
975	0.4599413146	0.871111989	0.7854149323
976	0.4599122313	0.8711376786	0.7854291228
977	0.4598744637	0.8711649776	0.7856656323
978	0.4598371396	0.8711978197	0.7856041399
979	0.4598027348	0.8712280393	0.7856041399
980	0.4597621217	0.8712596297	0.7856609021
981	0.4597354035	0.8712802529	0.785656172
982	0.4596890255	0.8713180423	0.7857744267
983	0.4596490776	0.8713422418	0.7858784909
984	0.4596187378	0.8713663816	0.7859447135
985	0.4595841114	0.8713870049	0.785906872
986	0.4595440526	0.8714149594	0.7859541739
987	0.4595115695	0.8714402914	0.7859494437
988	0.4594701433	0.871471107	0.7860771589
989	0.4594315997	0.8715068698	0.7860487777
990	0.4593869585	0.871543169	0.7861339211
991	0.45934993	0.8715656996	0.7860629683
992	0.4593167817	0.8715850115	0.7860629683
993	0.4592761686	0.8716150522	0.7861386513
994	0.459240027	0.871645987	0.7861859532
995	0.4592071374	0.8716689944	0.7862332551
996	0.4591790149	0.8716959953	0.7863420495
997	0.4591466427	0.871715486	0.7863751608
998	0.4591099098	0.8717316389	0.7863420495
999	0.4590767246	0.8717594743	0.7863420495
